{
  "project_info": {
    "project_number": "225491562442",
    "project_id": "adityapatwal-6e9e6",
    "storage_bucket": "adityapatwal-6e9e6.appspot.com"
  },
  "client": [
    {
      "client_info": {
        "mobilesdk_app_id": "1:225491562442:android:00d8ace053843ca3b52933",
        "android_client_info": {
          "package_name": "com.example.finalproject"
        }
      },
      "oauth_client": [
        {
          "client_id": "225491562442-i3g63lkd04q8bg43baqtd3fn7r21lvmd.apps.googleusercontent.com",
          "client_type": 1,
          "android_info": {
            "package_name": "com.example.finalproject",
            "certificate_hash": "fd52d028022dfa412955d287ff79b5868b18a708"
          }
        },
        {
          "client_id": "225491562442-61pl0o69dg6fjhcuqh2bj7iltef5mlmc.apps.googleusercontent.com",
          "client_type": 3
        }
      ],
      "api_key": [
        {
          "current_key": "AIzaSyDw7F9v7d1T7DFcp8v2lWZHMucyqcQBUCE"
        }
      ],
      "services": {
        "appinvite_service": {
          "other_platform_oauth_client": [
            {
              "client_id": "225491562442-61pl0o69dg6fjhcuqh2bj7iltef5mlmc.apps.googleusercontent.com",
              "client_type": 3
            }
          ]
        }
      }
    }
  ],
  "configuration_version": "1"
}